汉字	频次
，	87277
的	62861
。	38850
一	22351
是	19879
了	15907
不	15721
、	15540
在	15129
人	14010
有	13075
我	10996
“	10717
”	10666
中	10429
这	9740
和	9733
个	9609
上	8596
大	8568
为	8550
他	8419
来	7869
国	7561
时	7411
要	7323
生	7202
会	7008
地	6989
到	6984
对	6509
以	6508
学	6404
就	6242
出	6132
1	6082
年	6013
0	5905
发	5619
也	5441
们	5422
说	5358
作	5357
能	5337
子	5273
成	5224
自	5131
着	5107
过	5096
家	4977
后	4903
用	4886
下	4814
可	4794
：	4735
方	4699
现	4670
行	4621
2	4602
于	4577
得	4548
多	4538
法	4412
她	4300
理	4289
里	4192
那	4183
而	4161
与	4109
动	4107
小	4105
进	4089
体	4070
实	4052
之	4024
都	4008
你	4003
面	3910
化	3894
业	3828
分	3789
经	3746
开	3734
道	3731
然	3648
好	3615
本	3596
文	3572
没	3569
看	3548
主	3540
性	3510
事	3503
同	3468
力	3461
么	3434
心	3405
等	3382
高	3375
还	3369
定	3309
起	3248
天	3226
度	3211
去	3195
前	3191
全	3156
间	3153
关	3150
其	3137
所	3125
如	3111
工	3099
重	3098
当	3097
？	3088
民	3082
种	3020
从	2984
者	2948
制	2931
意	2882
样	2844
加	2840
政	2836
想	2825
长	2805
最	2773
应	2772
部	2751
合	2720
教	2709
点	2697
新	2678
机	2659
情	2658
公	2657
因	2647
展	2639
相	2623
无	2589
但	2544
只	2525
些	2506
水	2505
建	2494
很	2494
系	2418
3	2378
手	2364
身	2351
头	2350
代	2349
明	2326
己	2316
内	2289
产	2287
数	2272
问	2270
两	2268
将	2253
外	2249
三	2247
平	2247
通	2238
知	2234
次	2230
日	2228
此	2219
老	2191
信	2188
（	2183
）	2177
9	2162
物	2159
社	2157
电	2149
正	2138
表	2130
并	2121
提	2095
强	2094
保	2092
务	2090
活	2077
被	2060
》	2057
《	2055
美	2046
把	2036
场	2022
目	2021
设	2006
感	2003
量	1997
比	1995
及	1981
更	1970
向	1968
基	1964
回	1952
做	1942
,	1938
；	1938
儿	1926
入	1923
女	1919
果	1907
变	1906
管	1904
色	1889
常	1886
题	1881
世	1878
气	1854
利	1846
十	1845
让	1822
特	1810
安	1809
第	1805
形	1798
什	1793
位	1793
式	1787
或	1787
已	1785
4	1781
区	1771
结	1766
门	1761
5	1759
市	1752
程	1750
统	1744
名	1738
义	1732
.	1727
解	1726
各	1725
又	1717
给	1715
话	1687
术	1676
见	1672
路	1650
声	1649
使	1643
资	1641
科	1632
传	1615
几	1614
二	1612
少	1610
—	1608
接	1596
西	1590
真	1577
思	1570
持	1566
走	1562
别	1557
认	1556
治	1555
…	1546
立	1519
才	1518
改	1516
研	1511
影	1510
打	1499
月	1497
究	1487
记	1475
直	1464
处	1456
金	1452
完	1451
口	1449
员	1446
再	1445
论	1444
界	1439
育	1431
空	1429
导	1426
技	1414
！	1413
风	1402
8	1398
总	1398
件	1397
运	1395
东	1391
放	1390
服	1379
由	1378
亲	1377
流	1375
车	1372
神	1365
任	1363
深	1351
书	1350
计	1350
识	1346
规	1344
先	1343
期	1343
受	1340
e	1334
a	1328
指	1328
标	1315
原	1314
眼	1313
观	1312
品	1310
求	1296
像	1293
觉	1280
张	1272
非	1272
构	1267
反	1266
至	1263
创	1262
每	1258
共	1256
交	1255
候	1253
条	1252
光	1249
步	1246
7	1245
师	1243
海	1240
组	1237
马	1236
6	1233
难	1233
调	1224
清	1221
据	1220
具	1210
城	1210
则	1201
边	1198
质	1195
视	1191
却	1186
四	1180
类	1179
单	1166
白	1165
它	1162
报	1150
型	1148
息	1146
整	1132
推	1129
带	1120
效	1120
需	1111
领	1104
孩	1101
响	1097
转	1087
决	1084
何	1078
历	1068
住	1067
精	1066
价	1061
态	1060
乐	1054
近	1051
快	1048
花	1046
选	1046
容	1043
片	1041
准	1032
始	1032
格	1032
众	1031
支	1030
太	1028
模	1027
联	1027
o	1026
府	1025
环	1023
造	1023
爱	1022
男	1019
离	1018
i	1013
确	1013
便	1012
值	1012
取	1008
战	1006
r	1003
节	1003
远	1002
王	1001
境	998
听	993
增	991
球	990
护	988
收	987
音	987
病	986
落	986
今	981
北	981
南	981
往	981
干	978
该	975
越	972
象	969
德	966
必	966
网	965
项	965
养	960
习	956
图	956
根	956
斯	955
达	954
算	953
史	952
命	952
父	952
万	951
院	951
山	948
济	948
线	948
考	948
办	944
望	942
权	941
较	940
级	938
房	935
示	928
断	925
校	924
层	923
随	919
台	909
言	899
际	898
n	894
显	894
极	894
布	891
字	882
母	880
族	876
未	876
许	872
专	871
依	867
存	865
低	864
集	863
司	860
尔	859
即	856
足	853
商	852
死	852
写	850
引	850
队	848
企	846
切	844
终	841
怎	840
施	836
源	835
革	834
t	832
号	831
笑	829
吃	828
注	827
律	823
职	820
照	816
满	815
复	813
五	809
包	809
演	808
域	801
军	797
早	797
群	794
元	793
告	793
)	792
失	792
维	790
青	787
红	784
语	783
村	781
跟	781
连	778
段	771
广	770
周	766
拉	766
致	765
称	761
续	761
念	760
监	760
(	758
料	752
京	748
克	747
参	746
且	743
微	743
案	740
责	740
轻	740
双	739
喜	737
钱	737
易	735
赛	732
备	731
素	730
采	727
突	724
艺	723
验	723
势	719
找	719
适	714
善	713
首	712
s	710
况	707
热	706
亚	703
站	700
客	699
半	698
费	694
l	693
景	693
黑	691
消	690
速	690
置	689
医	687
仅	686
故	683
曾	682
评	681
叫	678
似	677
华	677
食	673
修	672
除	672
土	671
农	669
英	669
冷	667
纪	662
差	660
友	659
议	659
防	658
﻿	657
功	656
积	655
党	654
背	654
紧	651
百	649
吗	642
尽	641
约	641
营	639
策	637
角	637
测	636
夫	635
率	635
局	634
讲	634
预	634
互	633
划	633
团	633
投	633
省	632
排	631
游	630
坚	628
林	628
妈	627
士	625
李	625
争	623
岁	623
欢	623
查	621
协	618
够	616
助	615
供	614
底	613
乎	611
证	608
读	606
围	602
范	601
配	601
S	599
优	599
刚	598
-	597
呢	594
织	593
温	591
留	588
星	586
析	586
火	586
画	586
古	582
刻	581
委	580
兴	578
异	578
%	576
剧	576
试	576
居	575
独	574
云	572
状	572
严	571
官	570
般	567
虽	567
初	566
富	566
材	565
装	562
例	561
八	561
M	559
按	559
血	559
坐	557
激	556
益	556
充	554
石	553
细	552
择	550
脸	549
础	543
普	541
升	540
晚	540
楼	540
举	539
险	538
限	537
吧	536
乡	533
破	531
负	529
梦	528
获	528
检	527
智	526
C	525
志	521
黄	521
健	517
静	517
待	514
融	512
绝	511
陈	510
倒	509
哪	507
章	507
另	505
请	503
戏	502
核	502
河	502
练	502
超	496
h	494
训	492
啊	490
衣	489
阳	488
福	487
器	485
均	484
弟	483
拿	483
急	481
冲	480
春	480
财	480
培	478
控	478
m	477
脚	477
谈	475
压	474
味	472
室	472
歌	472
班	467
甚	467
舞	467
须	466
香	465
列	464
属	464
继	463
飞	462
换	460
跑	460
c	458
密	458
承	457
久	456
谁	455
千	453
户	450
铁	450
阿	450
A	449
简	449
县	448
夜	448
害	447
编	445
序	443
婚	442
P	441
江	441
巴	439
罗	439
彩	438
苦	438
移	437
穿	436
察	435
药	435
稳	434
答	434
否	432
追	432
促	428
端	428
脑	425
印	424
批	424
止	424
短	423
亮	422
左	422
略	421
奇	420
怕	420
愿	420
伤	419
慢	419
课	419
板	418
降	417
航	416
若	416
访	416
诉	416
送	415
酒	412
帮	411
遇	411
买	409
佛	409
六	409
救	409
障	409
吸	407
波	407
警	407
份	406
曲	406
d	405
块	405
哥	404
宗	404
杂	403
述	403
丝	402
既	402
玉	401
肉	400
股	399
征	398
皮	398
某	397
错	397
希	396
键	396
木	394
令	393
句	393
著	393
录	391
停	390
顺	390
良	389
G	388
担	388
兰	387
括	387
庭	386
败	386
叶	384
灵	384
卫	381
苏	381
减	380
免	379
击	378
姐	378
疑	377
竟	376
七	375
园	373
雨	373
惊	371
渐	371
米	371
堂	369
u	368
假	368
染	368
临	367
刺	366
座	365
怀	365
仍	364
阶	364
靠	364
康	362
散	361
沉	361
介	360
镇	360
州	359
永	359
草	358
执	357
朝	356
招	355
乱	354
毛	353
索	352
谢	352
饭	352
占	351
奥	350
武	349
爸	349
L	347
浪	347
疗	346
判	345
呼	345
旅	345
守	342
毕	342
菜	340
丽	339
困	339
挥	339
腐	339
闻	337
督	335
树	334
馆	334
奶	332
朋	332
默	332
嘴	331
松	331
央	330
纸	330
针	330
右	329
宝	329
审	329
逐	329
床	327
礼	327
掉	326
固	325
归	325
输	325
宣	324
秀	324
油	323
笔	323
讨	323
娘	322
握	322
践	322
透	322
博	321
季	321
探	320
:	319
掌	319
街	319
税	318
童	318
熟	317
释	317
顾	317
盖	316
缺	316
隐	314
烟	312
拍	310
补	309
词	309
软	309
杀	307
藏	307
银	306
湖	305
露	305
寻	304
颜	304
概	302
派	302
含	301
媒	301
载	301
龙	301
威	300
纳	300
蛋	300
触	300
廉	299
钟	298
刘	297
弱	297
翻	297
D	296
港	296
励	295
余	294
副	294
洋	294
避	294
野	294
鼓	293
九	292
幸	292
斗	292
痛	292
遍	292
屋	291
席	290
操	290
敏	289
架	289
偏	288
综	288
E	287
p	287
赶	287
镜	287
T	286
’	286
巨	285
忆	285
敢	284
烈	284
顶	284
邓	283
圆	281
络	281
‘	280
厅	280
套	280
楚	280
筑	280
抓	279
玩	279
贵	279
忙	277
扬	277
祖	277
典	276
妇	276
距	276
喝	275
脱	274
贫	274
付	273
g	272
怪	272
;	271
兵	271
淡	271
版	269
跳	268
损	267
爷	267
诗	267
努	266
坏	266
丰	265
束	265
液	265
届	264
沙	264
灯	264
睛	264
腿	264
轮	264
享	263
拥	263
遗	263
餐	263
亦	262
退	262
店	260
暗	260
宁	259
播	258
绪	258
购	258
予	257
款	257
危	256
巧	256
您	256
梁	256
H	255
I	255
封	255
虑	255
忍	254
旧	254
扩	253
窗	253
[	252
圣	252
妻	252
洲	252
缘	252
]	251
恶	251
币	250
忽	250
登	250
抱	249
汉	249
聚	249
雪	249
冬	248
厚	248
启	248
尤	248
卷	247
衡	247
贴	247
犯	246
额	246
佳	245
唱	245
帝	245
措	245
欧	245
牌	245
符	245
货	245
频	245
冠	244
醒	244
妹	243
胜	243
胡	243
y	242
宫	242
摆	242
皇	242
伸	241
惯	241
灰	241
盘	241
莫	241
刀	240
抗	240
纷	240
伴	239
哲	239
峰	238
洗	238
诸	238
?	237
苗	237
阵	236
b	235
午	235
奖	235
毒	235
硬	235
借	234
宜	234
摄	234
凡	233
哈	233
尊	233
桌	233
B	232
卖	232
庆	232
潜	232
谓	232
卡	231
肯	231
龄	231
N	230
唯	230
滑	230
票	230
仪	229
曼	229
诺	229
陆	229
扶	228
误	228
k	227
挑	227
尚	226
恐	226
映	226
混	226
粮	226
缓	226
罪	226
荣	226
绩	224
齐	224
钢	222
夏	221
忘	221
竞	221
托	220
残	219
献	219
俄	218
墙	218
患	218
桥	218
涉	218
甲	218
顿	218
伯	217
宽	217
魔	217
泛	216
污	215
伊	214
呀	214
延	214
慧	214
耳	214
彻	213
欲	213
隔	213
侧	212
植	212
申	212
诚	212
漫	211
潮	211
灭	211
跃	211
鲜	211
伦	210
婆	210
宋	210
贯	210
厂	209
杯	209
疾	209
俗	208
浓	208
仿	207
抽	207
逃	207
禁	206
迷	206
孙	205
田	205
估	204
幕	204
盛	204
""""	203
丹	203
倾	203
幼	203
蓝	203
迅	203
抬	202
繁	202
船	202
旁	201
洁	201
睡	201
振	200
盆	200
鱼	200
劳	199
呈	199
幅	198
挂	198
杨	198
殊	198
秘	198
趣	198
摸	197
骨	197
亿	196
麻	196
径	195
销	195
凤	193
舍	193
茶	193
迹	193
烧	192
绍	192
鬼	192
摇	191
姑	190
弃	190
折	190
朵	190
码	190
迎	190
亡	189
牙	189
途	189
奏	188
唐	187
辑	187
插	186
毫	186
私	186
篇	186
闭	186
剑	185
暴	185
伙	184
替	184
绕	184
冰	183
尼	183
洞	183
O	182
奋	181
症	181
虚	181
伟	180
孤	180
射	180
扎	180
粉	180
喷	179
惠	179
搭	179
绿	179
缩	179
贷	179
咖	178
酸	178
洪	177
裂	177
R	176
拖	176
汽	176
诊	176
啡	175
弹	175
懂	175
沟	175
勇	174
暖	174
辆	174
仰	173
爆	173
闪	173
川	172
描	172
攻	172
袋	172
雅	172
煤	171
辈	171
狗	170
雄	170
肩	169
圈	168
跨	168
违	168
尸	167
累	167
腰	167
吉	166
臭	166
郁	166
F	165
偶	165
叔	165
尖	165
悲	165
阴	165
魂	165
焦	164
寒	163
授	163
灾	163
烦	163
盟	163
w	162
丈	162
净	161
幽	161
池	161
碎	161
迫	161
闹	161
摩	160
肌	160
腹	160
鼻	160
柔	159
氧	159
哭	158
f	157
瓦	157
附	157
/	156
兄	156
末	156
梯	156
盾	156
穷	156
辛	156
牛	155
饮	155
饰	155
割	154
弄	154
撒	154
糖	154
雷	154
乘	153
秋	153
姓	152
V	151
吹	151
咱	151
休	150
喊	150
奔	150
档	150
横	150
泥	150
胸	150
赏	150
鸡	150
凝	149
姆	149
岩	149
恒	149
撑	149
肥	149
铺	149
偷	148
徒	148
抑	148
杰	148
氏	148
敬	147
芳	147
赵	147
郭	147
库	146
蒙	146
震	146
&	145
乏	145
倍	145
吴	145
悉	145
枪	145
梅	145
矛	145
沿	144
瓜	143
磨	143
嘉	142
玄	142
塑	141
孔	141
纯	141
遭	141
郑	141
伍	140
壁	140
紫	140
臂	140
趋	140
阻	140
雾	140
疫	139
纠	139
谐	139
叹	138
售	138
订	138
赞	138
鸣	138
夺	137
宇	137
洛	137
墨	136
尘	136
泪	136
涵	136
爬	136
签	136
冒	135
旗	135
粗	135
耐	135
覆	135
陪	135
零	135
俞	134
兔	134
宾	134
庄	134
津	134
禅	134
蹈	134
阜	134
姨	133
拔	133
汇	133
浮	133
薄	133
润	132
恨	131
拓	131
乌	130
仁	130
抵	130
骑	130
撞	129
朱	129
聊	129
菌	129
倡	128
塞	128
恰	128
漂	128
荡	128
谋	128
贸	128
韩	128
循	127
拟	127
搬	127
胖	127
娜	126
废	126
挺	126
添	126
伏	125
塔	125
搞	125
湾	125
狂	125
稍	125
迁	125
叙	124
欣	124
碰	124
糊	124
蒋	124
贝	124
凉	123
壮	123
晓	123
柜	123
湿	123
瓶	123
胶	123
贡	123
骂	123
俩	122
君	122
孝	122
枝	122
肤	122
劲	121
忧	121
恋	121
琴	121
眉	121
裁	121
豆	121
闲	121
凯	120
姿	120
恩	120
拼	120
筹	120
尾	119
旋	119
森	119
猛	119
矿	119
胞	119
轨	119
耕	118
萨	118
赢	118
丘	117
彼	117
竹	117
貌	117
辞	117
锋	117
乃	116
仔	116
侵	116
剪	116
吐	116
瞬	116
箱	116
绘	116
．	116
剂	115
岸	115
拜	115
返	115
遥	115
徽	114
悟	114
挖	114
碍	114
坛	113
坦	113
犹	113
纲	113
荒	113
锅	113
丁	112
契	112
敌	112
滚	112
逻	112
邻	112
鞋	112
尺	111
疼	111
纵	111
贪	111
乔	110
召	110
吓	110
扰	110
玲	110
珍	110
缝	110
舒	110
陷	110
［	110
］	110
=	109
W	109
刑	109
怒	109
暂	109
虫	109
驰	109
鸟	109
娃	108
岛	108
挣	108
擦	108
昨	108
柯	108
柱	108
储	107
卧	107
扫	107
租	107
绣	107
艰	107
讯	107
K	106
儒	106
屈	106
燃	106
腾	106
井	105
妙	105
怨	105
氛	105
汗	105
溺	105
脉	105
腔	105
宏	104
旦	104
泰	104
甘	104
俱	103
兼	103
坡	103
慰	103
援	103
灌	103
署	103
萧	103
颗	103
驱	103
册	102
涂	102
炼	102
疆	102
籍	102
诞	102
朗	101
朴	101
躺	101
飘	101
匹	100
嫁	100
宿	100
扭	100
抢	100
斜	100
毁	100
浴	100
菲	100
薪	100
译	100
辅	100
堆	99
夹	99
姻	99
巫	99
慈	99
椅	99
痕	99
稀	99
罚	99
账	99
勒	98
啦	98
尝	98
杆	98
棠	98
纹	98
缴	98
胎	98
邦	98
勤	97
匀	97
悦	97
拒	97
牵	97
狠	97
誉	97
Z	96
丢	96
凌	96
凭	96
剩	96
徐	96
惑	96
揭	96
敲	96
框	96
狱	96
肠	96
惜	95
挤	95
泳	95
炸	95
锦	95
陵	95
奉	94
戴	94
旬	94
杜	94
询	94
谷	94
v	93
寂	93
畅	93
邀	93
～	93
屏	92
扔	92
昆	92
浅	92
贾	92
颇	92
傅	91
呆	91
姜	91
寄	91
鉴	91
嫌	90
幻	90
栏	90
桑	90
涌	90
渡	90
瘦	90
董	90
赫	90
迈	90
递	90
截	89
晃	89
晨	89
炒	89
猫	89
番	89
胁	89
跌	89
鼠	89
扮	88
樱	88
烂	88
翼	88
肃	88
链	88
!	87
垂	87
墓	87
崇	87
惨	87
扑	87
渗	87
罢	87
胆	87
虎	87
x	86
厉	86
帅	86
忠	86
泡	86
滴	86
璃	86
砖	86
祝	86
粒	86
耶	86
脏	86
赋	86
踪	86
闷	86
鲁	86
凶	85
拆	85
晋	85
晰	85
碗	85
耀	85
辨	85
J	84
偿	84
刊	84
堪	84
悄	84
殿	84
汤	84
狼	84
缠	84
赖	84
俊	83
匆	83
吵	83
埋	83
岚	83
欠	83
泉	83
皆	83
钻	83
阔	83
驾	83
噪	82
珠	82
盒	82
谱	82
踏	82
逼	82
遵	82
驶	82
傲	81
帆	81
昌	81
晶	81
脂	81
躲	81
阅	81
陶	81
厌	80
唇	80
唤	80
填	80
抹	80
柏	80
涨	80
炉	80
疏	80
篮	80
胃	80
豪	80
阐	80
恼	79
惧	79
杭	79
甜	79
绸	79
葛	79
赴	79
迪	79
丧	78
傻	78
喂	78
寺	78
牢	78
脆	78
详	78
辉	78
~	77
函	77
妆	77
寿	77
履	77
崔	77
捐	77
摔	77
摘	77
玻	77
盯	77
羽	77
刷	76
弥	76
慌	76
裙	76
览	76
隙	76
悠	75
艳	75
贺	75
辱	75
饲	75
鸿	75
卢	74
呵	74
抖	74
泽	74
漠	74
爹	74
秒	74
蹲	74
枚	73
滋	73
纽	73
芽	73
荷	73
贤	73
辖	73
铜	73
陌	73
麦	73
Q	72
仙	72
啥	72
宪	72
庞	72
挡	72
殖	72
溪	72
瑞	72
疲	72
聘	72
螺	72
逆	72
雕	72
饱	72
饿	72
驻	72
鼎	72
宴	71
浑	71
浙	71
渠	71
祥	71
肚	71
臣	71
苹	71
麟	71
+	70
厨	70
咬	70
夕	70
寸	70
岗	70
悬	70
慎	70
撕	70
柳	70
溥	70
疯	70
聪	70
舌	70
苍	70
莉	70
迟	70
逊	70
锁	70
债	69
卓	69
哎	69
抛	69
灿	69
牟	69
玛	69
稿	69
袭	69
谨	69
赚	69
赤	69
逝	69
丛	68
庸	68
弗	68
弯	68
忌	68
琪	68
窝	68
糕	68
耗	68
妖	67
婉	67
恢	67
扇	67
拾	67
摊	67
旨	67
溶	67
绵	67
莱	67
允	66
址	66
壤	66
惩	66
扣	66
昏	66
猪	66
盗	66
隆	66
页	66
黎	66
劝	65
巷	65
戒	65
浸	65
畏	65
粹	65
纤	65
蔡	65
裤	65
讽	65
轰	65
辩	65
堡	64
廷	64
掩	64
枳	64
棋	64
漏	64
瞧	64
腕	64
芷	64
诵	64
哦	63
囊	63
怖	63
澳	63
炮	63
粘	63
舰	63
贩	63
魅	63
勾	62
廊	62
怜	62
愣	62
拨	62
梵	62
痴	62
羞	62
肺	62
颤	62
哼	61
埃	61
帘	61
恕	61
慕	61
懒	61
捷	61
曹	61
汪	61
沈	61
腊	61
诱	61
踩	61
逢	61
遮	61
丫	60
乳	60
侠	60
坠	60
奈	60
娇	60
拳	60
掏	60
掘	60
歇	60
盐	60
祭	60
穆	60
膝	60
豫	60
郝	60
颠	60
齿	60
仓	59
佩	59
吞	59
哀	59
愉	59
桃	59
沐	59
狄	59
窑	59
绳	59
羊	59
裸	59
饼	59
z	58
乙	58
嘛	58
娶	58
樟	58
淋	58
漆	58
燕	58
硕	58
膀	58
芒	58
茫	58
蜡	58
U	57
劣	57
叠	57
巾	57
悔	57
披	57
桐	57
歧	57
淀	57
矩	57
秩	57
笼	57
筒	57
袖	57
邮	57
酷	57
醉	57
兽	56
堵	56
夸	56
弘	56
愈	56
抚	56
莞	56
赔	56
踢	56
骄	56
骗	56
丑	55
催	55
吻	55
壶	55
婴	55
嫩	55
崖	55
榜	55
猜	55
皱	55
胀	55
霸	55
侍	54
吨	54
欺	54
浩	54
燥	54
盈	54
睁	54
衷	54
裹	54
魏	54
仇	53
妥	53
搜	53
歪	53
洒	53
瑰	53
葬	53
蕴	53
阁	53
X	52
凑	52
券	52
勃	52
卑	52
卜	52
寨	52
扯	52
斤	52
枯	52
淘	52
炎	52
熬	52
牧	52
碳	52
秦	52
肢	52
莲	52
喉	51
妮	51
宅	51
岭	51
巩	51
帽	51
憾	51
拱	51
渴	51
狭	51
眠	51
罩	51
菩	51
谭	51
串	50
俯	50
嗯	50
娱	50
帧	50
庙	50
愤	50
捡	50
泊	50
膜	50
蛇	50
衫	50
衬	50
邪	50
郎	50
铃	50
厕	49
宙	49
巡	49
携	49
桶	49
煮	49
瞎	49
魁	49
伪	48
僧	48
冻	48
勋	48
沾	48
竭	48
肆	48
脖	48
蹦	48
韦	48
匙	47
卉	47
嘲	47
奘	47
庇	47
愁	47
歹	47
熊	47
玫	47
茂	47
茨	47
衔	47
僵	46
凳	46
剥	46
咯	46
嘿	46
瑟	46
糟	46
蜜	46
衰	46
辣	46
雇	46
骤	46
乖	45
厢	45
吊	45
昂	45
泄	45
澡	45
甸	45
蒂	45
讼	45
钉	45
锈	45
韵	45
丸	44
仗	44
吁	44
吕	44
塌	44
妃	44
幌	44
斥	44
株	44
梳	44
楂	44
泼	44
溜	44
猴	44
琳	44
盼	44
躁	44
轴	44
辰	44
黏	44
劫	43
叉	43
尿	43
屁	43
御	43
慨	43
敦	43
晕	43
槿	43
毓	43
滞	43
砸	43
碧	43
磁	43
舆	43
℃	42
侦	42
咧	42
咽	42
幵	42
怡	42
恭	42
札	42
滤	42
烤	42
盲	42
砍	42
碑	42
缆	42
羡	42
芬	42
霉	42
亏	41
伐	41
伶	41
勉	41
叛	41
垄	41
婶	41
拎	41
曝	41
浇	41
缸	41
蓄	41
裕	41
讶	41
趁	41
逸	41
×	40
亭	40
咨	40
哄	40
孕	40
捕	40
捧	40
搁	40
昭	40
柴	40
毅	40
淮	40
滩	40
熙	40
爽	40
筋	40
脾	40
腻	40
艾	40
蛙	40
谊	40
酬	40
锐	40
隧	40
刮	39
垃	39
垫	39
奢	39
妨	39
嬷	39
屡	39
崩	39
恺	39
愧	39
戚	39
撤	39
械	39
棒	39
渊	39
猎	39
矮	39
粪	39
耍	39
肪	39
茸	39
贱	39
趴	39
辽	39
咳	38
咸	38
喘	38
圾	38
坑	38
奸	38
媳	38
屠	38
捞	38
枢	38
湘	38
狮	38
畜	38
禽	38
胳	38
蔓	38
褚	38
谦	38
跪	38
魄	38
鹅	38
乾	37
募	37
喻	37
宠	37
弧	37
捏	37
斑	37
旱	37
歉	37
煌	37
爵	37
肿	37
菵	37
虹	37
赠	37
１	37
侯	36
剃	36
咕	36
寓	36
尬	36
尴	36
旺	36
暑	36
曰	36
棉	36
槽	36
殷	36
沫	36
滇	36
滨	36
灶	36
炭	36
翠	36
膨	36
荐	36
蔽	36
薇	36
霍	36
顽	36
颈	36
饥	36
鹰	36
σ	35
兆	35
奴	35
崛	35
抄	35
拦	35
棵	35
浆	35
涛	35
涯	35
甩	35
瞪	35
瞿	35
绑	35
肘	35
莎	35
蝶	35
衍	35
Ｒ	35
亨	34
屌	34
峻	34
彭	34
拐	34
梨	34
汁	34
睹	34
睿	34
祸	34
窄	34
膊	34
舅	34
钥	34
驼	34
刹	33
卸	33
喃	33
坊	33
媚	33
惹	33
懈	33
拢	33
拽	33
捉	33
搅	33
攀	33
斋	33
桂	33
汰	33
泣	33
溢	33
溴	33
滥	33
牲	33
碌	33
禺	33
竖	33
箭	33
耻	33
芝	33
芹	33
葱	33
蒸	33
蓬	33
诡	33
趟	33
遣	33
鞭	33
j	32
伞	32
兹	32
叮	32
嚷	32
夷	32
姚	32
孢	32
庚	32
弦	32
敞	32
枕	32
棺	32
窃	32
蚀	32
辜	32
霾	32
骚	32
兮	31
削	31
咋	31
哑	31
圳	31
孜	31
岳	31
拌	31
晒	31
柄	31
棍	31
棕	31
棚	31
沦	31
缕	31
脊	31
芦	31
苯	31
莰	31
萍	31
蔬	31
藩	31
誓	31
躯	31
钦	31
佑	30
凸	30
匠	30
吾	30
堤	30
壳	30
孟	30
宛	30
宰	30
寞	30
帕	30
帜	30
彰	30
挪	30
掀	30
毯	30
潇	30
缀	30
萝	30
辫	30
遂	30
邢	30
酱	30
陕	30
３	30
Y	29
→	29
仆	29
佣	29
剖	29
勺	29
卿	29
厦	29
嗓	29
恍	29
挨	29
掐	29
揉	29
杏	29
潭	29
烫	29
犬	29
眸	29
碟	29
磊	29
蛮	29
贼	29
辟	29
逛	29
锻	29
颂	29
饶	29
馈	29
驳	29
Ｕ	29
'	28
傍	28
冤	28
哟	28
坟	28
妄	28
帖	28
役	28
挽	28
撰	28
暮	28
椒	28
澜	28
煞	28
牺	28
畴	28
瘤	28
磕	28
肝	28
膳	28
臀	28
艘	28
荫	28
袍	28
蹬	28
闺	28
隶	28
驴	28
鹏	28
<	27
倦	27
婿	27
巍	27
怔	27
怯	27
斩	27
昔	27
栓	27
榴	27
橱	27
溃	27
璐	27
磋	27
篷	27
纱	27
缅	27
舟	27
谜	27
赌	27
辐	27
郊	27
陋	27
霜	27
靖	27
鸭	27
仲	26
僻	26
吟	26
咒	26
哇	26
嘱	26
坪	26
廓	26
搏	26
朔	26
杖	26
栽	26
沧	26
涩	26
痒	26
瘸	26
罕	26
翅	26
翰	26
葡	26
蜂	26
遏	26
鄙	26
醇	26
闯	26
颖	26
－	26
〕	25
乒	25
冉	25
凄	25
勘	25
吼	25
弊	25
惕	25
惫	25
戈	25
挫	25
撼	25
擅	25
斌	25
沃	25
淹	25
溯	25
疚	25
矫	25
祀	25
笨	25
绛	25
翘	25
肖	25
萄	25
蕉	25
谅	25
贬	25
陡	25
４	25
【	24
】	24
伋	24
侨	24
删	24
厘	24
吏	24
咐	24
嘻	24
坝	24
惟	24
憋	24
捂	24
揽	24
栋	24
泓	24
煎	24
琢	24
瓷	24
盏	24
稚	24
翔	24
膛	24
茅	24
赐	24
迭	24
铲	24
雀	24
颊	24
饺	24
馨	24
鹿	24
〔	23
伺	23
冥	23
哗	23
喧	23
囚	23
垮	23
夯	23
孵	23
宵	23
寥	23
屑	23
愚	23
掠	23
揪	23
旷	23
椎	23
檐	23
氟	23
沸	23
湛	23
狐	23
眯	23
纬	23
纺	23
绎	23
绷	23
腮	23
逗	23
醋	23
２	23
>	22
侈	22
俭	22
兢	22
勿	22
囡	22
奠	22
寡	22
岂	22
揣	22
擎	22
晖	22
桩	22
氯	22
沪	22
淌	22
渔	22
焉	22
瞥	22
瞩	22
禄	22
穴	22
窜	22
簸	22
袜	22
谣	22
豁	22
铭	22
雍	22
霞	22
颁	22
∶	21
僚	21
厄	21
叨	21
啧	21
嘘	21
嘟	21
坎	21
墅	21
惶	21
戛	21
扁	21
扒	21
拭	21
挠	21
敛	21
泻	21
涟	21
烘	21
烹	21
焚	21
瓣	21
矣	21
莹	21
萌	21
藉	21
虔	21
虾	21
蝇	21
蟹	21
袁	21
谎	21
钞	21
陛	21
韧	21
鲍	21
鸦	21
０	21
_	20
丙	20
亩	20
冯	20
刃	20
吩	20
嗽	20
嘀	20
嘶	20
噩	20
垢	20
墩	20
屉	20
崭	20
押	20
拙	20
摧	20
昧	20
栅	20
槛	20
淳	20
熔	20
琉	20
琐	20
癌	20
硝	20
稻	20
笺	20
腥	20
芯	20
荆	20
葫	20
蠢	20
轿	20
迢	20
铅	20
锣	20
嗅	19
嗜	19
嗣	19
垒	19
妾	19
嬉	19
帐	19
掺	19
梧	19
氢	19
渝	19
炕	19
炫	19
甄	19
窘	19
膏	19
芸	19
薛	19
袱	19
诠	19
贿	19
馒	19
乞	18
佬	18
兀	18
兜	18
凹	18
匕	18
唉	18
嵌	18
拘	18
拯	18
挚	18
淑	18
漉	18
漓	18
熏	18
疤	18
眨	18
砂	18
磅	18
秆	18
秉	18
秸	18
筷	18
粥	18
糙	18
绽	18
缔	18
缚	18
耸	18
肾	18
芙	18
芜	18
苛	18
蹭	18
酯	18
阆	18
骏	18
黯	18
*	17
°	17
丐	17
俏	17
冈	17
冶	17
吱	17
咣	17
啃	17
啪	17
坂	17
塘	17
塾	17
墟	17
妪	17
婷	17
慑	17
拣	17
搓	17
摹	17
晌	17
杞	17
枉	17
梢	17
橡	17
氓	17
氨	17
浊	17
浦	17
烙	17
焰	17
瘾	17
祈	17
秃	17
窟	17
绰	17
罐	17
羹	17
翁	17
耦	17
蒜	17
蔑	17
藤	17
蛴	17
衙	17
觅	17
迄	17
酥	17
鑫	17
铸	17
锤	17
锯	17
陀	17
@	16
侃	16
凛	16
凰	16
劈	16
呐	16
哨	16
唠	16
啸	16
嗦	16
圭	16
孽	16
弈	16
悼	16
懦	16
捍	16
杠	16
栗	16
梭	16
樊	16
氮	16
沌	16
渺	16
溅	16
烁	16
狈	16
甫	16
瞒	16
笃	16
筛	16
缭	16
耽	16
脯	16
舱	16
苑	16
菊	16
蜿	16
诘	16
诧	16
诫	16
谴	16
轩	16
逾	16
镖	16
霄	16
颓	16
骢	16
髓	16
–	15
―	15
乓	15
亥	15
侄	15
傣	15
呕	15
堕	15
妒	15
嫣	15
尉	15
屎	15
庶	15
恳	15
扛	15
拇	15
挟	15
撮	15
攒	15
敷	15
昊	15
晴	15
朽	15
榻	15
毋	15
氿	15
泌	15
烛	15
焕	15
琦	15
畔	15
癖	15
盔	15
眷	15
睦	15
瞅	15
砌	15
祷	15
禀	15
窥	15
簇	15
粤	15
糗	15
耆	15
蛤	15
蜒	15
螬	15
蟆	15
诈	15
跷	15
蹿	15
逍	15
酿	15
锡	15
鹤	15
Ｄ	15
伽	14
侣	14
俺	14
倔	14
倚	14
兑	14
刁	14
卦	14
叼	14
咙	14
哧	14
唧	14
喇	14
埔	14
姊	14
婪	14
寝	14
崎	14
幢	14
忐	14
忑	14
惚	14
扦	14
拧	14
晤	14
晾	14
枸	14
栖	14
棘	14
楷	14
橘	14
浏	14
涡	14
溉	14
澄	14
灼	14
熄	14
熠	14
爪	14
琼	14
甬	14
皖	14
矢	14
磷	14
絮	14
绒	14
缪	14
翡	14
肋	14
蓉	14
虐	14
褐	14
襟	14
诀	14
赘	14
蹄	14
躬	14
酶	14
馅	14
Ｃ	14
倘	13
倩	13
冀	13
匿	13
呗	13
呜	13
哮	13
嚣	13
坷	13
嫂	13
嫡	13
巅	13
廖	13
怅	13
恪	13
悯	13
惮	13
惺	13
愕	13
憧	13
扳	13
抒	13
拂	13
摒	13
枣	13
汀	13
汝	13
涅	13
涕	13
渣	13
渲	13
滔	13
漪	13
珑	13
瑕	13
眶	13
眺	13
祟	13
禹	13
稼	13
窒	13
竿	13
筐	13
篱	13
粱	13
腺	13
葩	13
蜕	13
蜷	13
裴	13
跄	13
踉	13
酣	13
钧	13
钩	13
钮	13
阱	13
鞘	13
骇	13
鬟	13
鲟	13
鲨	13
５	13
侮	12
俨	12
剔	12
叩	12
呱	12
哆	12
嗒	12
噶	12
嚓	12
坞	12
婢	12
岔	12
弓	12
彬	12
怠	12
悍	12
悖	12
惭	12
懵	12
戮	12
戳	12
捆	12
掰	12
暇	12
暨	12
汶	12
沮	12
沼	12
洼	12
瀚	12
炽	12
烯	12
煽	12
狸	12
猩	12
疮	12
痢	12
瘫	12
眩	12
稽	12
筱	12
簌	12
羁	12
翩	12
聋	12
肴	12
艇	12
茬	12
萃	12
蕾	12
蚁	12
蚊	12
袅	12
裳	12
褪	12
詹	12
讳	12
豹	12
踹	12
辗	12
邸	12
郡	12
锥	12
闸	12
靡	12
饪	12
ｍ	12
亢	11
叭	11
呛	11
唾	11
啤	11
啰	11
嗡	11
嘎	11
噬	11
垦	11
巢	11
忱	11
慷	11
憎	11
憬	11
撇	11
斧	11
昵	11
殉	11
毙	11
汕	11
汹	11
沛	11
沥	11
涤	11
炬	11
煦	11
狡	11
疹	11
癞	11
皂	11
瞄	11
砰	11
稠	11
笋	11
筝	11
绚	11
缉	11
聆	11
胰	11
舔	11
苇	11
蜀	11
衅	11
觑	11
贮	11
赂	11
趾	11
跋	11
辘	11
迸	11
钓	11
钙	11
顷	11
颐	11
骆	11
Ｐ	11
─	10
〇	10
佐	10
剿	10
匪	10
匮	10
咄	10
咆	10
哩	10
唏	10
喀	10
噜	10
囧	10
坨	10
壑	10
妞	10
姥	10
嫉	10
屹	10
岌	10
岑	10
岱	10
徙	10
忒	10
悻	10
惴	10
抉	10
抿	10
捅	10
捣	10
揺	10
搂	10
暧	10
曦	10
杉	10
栈	10
棣	10
棱	10
榆	10
汛	10
汩	10
潘	10
烷	10
牡	10
犀	10
璀	10
璨	10
瓢	10
睐	10
瞳	10
硫	10
窍	10
筏	10
粼	10
糯	10
耷	10
耿	10
腭	10
舶	10
苔	10
茄	10
蓦	10
蛛	10
蟠	10
蟾	10
褥	10
觋	10
赎	10
踌	10
躇	10
辍	10
迦	10
酌	10
钝	10
阀	10
霆	10
靓	10
韶	10
馏	10
驯	10
鳌	10
龟	10
６	10
μ	9
仑	9
佟	9
冽	9
卵	9
厥	9
咦	9
嗔	9
娄	9
媛	9
岐	9
崀	9
帷	9
恤	9
恬	9
拮	9
捎	9
捶	9
掷	9
搐	9
撬	9
晞	9
晦	9
柿	9
梗	9
槚	9
汲	9
汾	9
洙	9
漱	9
漾	9
爰	9
狩	9
琅	9
疵	9
睽	9
矜	9
砺	9
砾	9
硅	9
硼	9
祉	9
笛	9
篆	9
绅	9
绊	9
绢	9
腋	9
腌	9
荧	9
蔚	9
蔼	9
蘸	9
譬	9
讪	9
诟	9
谕	9
贞	9
轧	9
辄	9
迥	9
钳	9
钾	9
锄	9
阂	9
隘	9
隽	9
靶	9
鞍	9
鸠	9
鹊	9
７	9
ｋ	9
q	8
①	8
乍	8
亟	8
俑	8
冕	8
叱	8
叽	8
吭	8
咚	8
啼	8
喳	8
喽	8
嘈	8
囱	8
垩	8
夭	8
姬	8
娟	8
娥	8
孰	8
峡	8
忡	8
惘	8
戍	8
扼	8
挎	8
揍	8
撩	8
晏	8
柠	8
楔	8
楠	8
榕	8
橙	8
殇	8
沂	8
沓	8
淇	8
淤	8
渍	8
澈	8
焊	8
狞	8
瑜	8
璇	8
甭	8
疙	8
瘩	8
瞻	8
竣	8
纫	8
缎	8
缰	8
肓	8
芭	8
茎	8
茜	8
荟	8
莠	8
葆	8
蚕	8
蛾	8
蝎	8
蝴	8
裱	8
诃	8
诛	8
诣	8
诲	8
谬	8
跤	8
辕	8
辙	8
醺	8
铿	8
锵	8
镑	8
雏	8
靴	8
骸	8
鳞	8
鸽	8
黛	8
＝	8
ａ	8
ｎ	8
}	7
§	7
±	7
χ	7
③	7
〉	7
仄	7
仕	7
伎	7
凋	7
凿	7
卒	7
呸	7
咏	7
嗨	7
噼	7
嚎	7
坳	7
奕	7
娴	7
宕	7
峒	7
庐	7
弛	7
弩	7
怦	7
恁	7
恃	7
悴	7
悸	7
憔	7
戊	7
扉	7
抠	7
拄	7
拴	7
捋	7
摁	7
擒	7
攘	7
斟	7
旭	7
昼	7
曙	7
曳	7
桧	7
榄	7
檬	7
渎	7
炊	7
烃	7
燎	7
牍	7
狰	7
猝	7
珀	7
珊	7
瓮	7
町	7
畸	7
痣	7
瘠	7
硖	7
礁	7
祠	7
秤	7
穹	7
笙	7
箍	7
篓	7
绞	7
绡	7
胺	7
舷	7
芥	7
苞	7
苢	7
萎	7
萦	7
蒲	7
薯	7
蚂	7
螃	7
裔	7
褒	7
讥	7
谛	7
赡	7
踊	7
蹊	7
轶	7
酋	7
铐	7
镶	7
阎	7
隅	7
颌	7
骋	7
鹫	7
黔	7
９	7
Ｓ	7
é	6
α	6
亘	6
亵	6
佼	6
侥	6
俘	6
冢	6
刨	6
匈	6
匾	6
叻	6
吆	6
吝	6
呻	6
咪	6
咿	6
哉	6
嗲	6
噌	6
噎	6
囔	6
坤	6
坯	6
埠	6
壕	6
奄	6
奎	6
娆	6
娓	6
婧	6
屯	6
帚	6
恣	6
恹	6
惆	6
惦	6
懋	6
抡	6
拷	6
搀	6
擂	6
攥	6
旎	6
旖	6
朕	6
朦	6
枷	6
桎	6
梏	6
椰	6
榨	6
橄	6
殴	6
泞	6
浣	6
淆	6
淫	6
渤	6
滁	6
潺	6
瀑	6
烬	6
焯	6
犁	6
犒	6
犷	6
猃	6
璋	6
璞	6
璧	6
瞟	6
瞠	6
碉	6
碱	6
碾	6
磺	6
礴	6
禧	6
禳	6
稞	6
穗	6
窦	6
窿	6
竒	6
篡	6
簿	6
肇	6
肮	6
胚	6
胧	6
胯	6
茁	6
茧	6
茵	6
荻	6
荼	6
莘	6
葵	6
蔫	6
蕻	6
蛰	6
蜓	6
蜗	6
蜻	6
讷	6
诅	6
诙	6
谙	6
谚	6
谧	6
贻	6
赝	6
跺	6
踝	6
踽	6
蹑	6
遐	6
邯	6
邵	6
邹	6
酗	6
酰	6
醚	6
钊	6
钠	6
钰	6
铠	6
铬	6
镀	6
闽	6
阙	6
陨	6
鞠	6
颅	6
颧	6
飙	6
饯	6
髋	6
鲤	6
鹃	6
ｒ	6
ü	5
λ	5
②	5
〈	5
が	5
丨	5
俐	5
偎	5
卯	5
厮	5
吠	5
呃	5
咎	5
咤	5
唬	5
唰	5
喋	5
嗖	5
嗵	5
嘹	5
嚼	5
囹	5
妩	5
娅	5
娲	5
嫦	5
宦	5
寅	5
峙	5
幺	5
庵	5
彝	5
徊	5
徘	5
忏	5
憨	5
憩	5
懊	5
扈	5
拈	5
掇	5
搡	5
摞	5
撵	5
昙	5
晟	5
杳	5
梓	5
殆	5
氤	5
氲	5
沅	5
沽	5
泯	5
洱	5
涧	5
涸	5
淄	5
漩	5
濛	5
炖	5
炙	5
烽	5
煲	5
犴	5
猖	5
猥	5
琥	5
琰	5
瑶	5
瘟	5
癫	5
皙	5
睫	5
瞑	5
瞰	5
砼	5
秧	5
稣	5
稹	5
窸	5
箩	5
籽	5
粟	5
糅	5
紊	5
纨	5
绥	5
绮	5
绯	5
羟	5
耘	5
脓	5
臆	5
苟	5
荃	5
莽	5
菇	5
菱	5
蔷	5
藻	5
蜘	5
蝠	5
蠕	5
褶	5
诿	5
豌	5
豚	5
赁	5
跛	5
逅	5
邂	5
邑	5
邡	5
鄂	5
酮	5
酵	5
醛	5
铢	5
镯	5
隋	5
雁	5
雌	5
霁	5
霓	5
髻	5
黝	5
％	5
８	5
Ｂ	5
Ｎ	5
Ｙ	5
ｉ	5
ｘ	5
ｙ	5
ｚ	5
{	4
‰	4
′	4
④	4
○	4
き	4
は	4
佯	4
侪	4
俸	4
俾	4
倏	4
偃	4
偌	4
偕	4
傀	4
冗	4
刍	4
剁	4
劁	4
劼	4
匐	4
匣	4
叟	4
哐	4
哺	4
哽	4
唆	4
唑	4
啬	4
啷	4
啻	4
喔	4
喵	4
噗	4
噻	4
嚅	4
囫	4
囵	4
圃	4
圄	4
垠	4
壹	4
夙	4
奂	4
奚	4
姝	4
姹	4
婊	4
媲	4
嫔	4
嬗	4
孪	4
寇	4
尧	4
屿	4
岖	4
峭	4
崽	4
弋	4
彤	4
彪	4
忖	4
怵	4
恻	4
悚	4
惰	4
慵	4
戌	4
戬	4
戾	4
拫	4
掸	4
撂	4
擞	4
攸	4
斓	4
於	4
暄	4
枋	4
枫	4
栩	4
桀	4
桔	4
桨	4
梆	4
椭	4
榭	4
樨	4
檀	4
殃	4
殡	4
沁	4
泵	4
洎	4
洽	4
浉	4
涝	4
潦	4
澎	4
濑	4
濒	4
炳	4
焙	4
玮	4
琨	4
琶	4
瑾	4
痪	4
瘪	4
盅	4
盎	4
睨	4
睬	4
矗	4
矬	4
祁	4
祛	4
穈	4
窈	4
窕	4
窖	4
竜	4
筠	4
筵	4
箕	4
籁	4
缙	4
罂	4
罔	4
羌	4
羔	4
羲	4
翌	4
翎	4
聂	4
胛	4
胱	4
腴	4
膺	4
臊	4
臻	4
茹	4
荠	4
荤	4
菁	4
菅	4
蓟	4
蕃	4
薰	4
蘑	4
虞	4
蚌	4
蝉	4
袂	4
袄	4
褂	4
襄	4
訇	4
诬	4
谆	4
谟	4
赃	4
赊	4
赦	4
跻	4
踮	4
踵	4
蹴	4
轭	4
辇	4
逞	4
逮	4
遁	4
遛	4
遢	4
邃	4
邋	4
郸	4
鄄	4
酝	4
铎	4
铝	4
锂	4
锲	4
闫	4
阑	4
阖	4
霏	4
霖	4
韭	4
飨	4
饕	4
饷	4
馊	4
馋	4
驸	4
驹	4
髦	4
鳖	4
鸥	4
鸯	4
鸳	4
龊	4
龌	4
	4
＋	4
Ｆ	4
ｐ	4
$	3
Δ	3
Ω	3
∈	3
≥	3
丞	3
仃	3
仨	3
佶	3
匍	3
卤	3
厩	3
呋	3
呦	3
咀	3
咫	3
咻	3
哝	3
啄	3
啜	3
嗞	3
嗤	3
嗫	3
嗷	3
嘭	3
噔	3
噘	3
噢	3
囤	3
囿	3
垛	3
垣	3
堰	3
妊	3
妍	3
妓	3
妲	3
娠	3
娩	3
娼	3
婀	3
婕	3
宸	3
寐	3
峥	3
崮	3
帛	3
幂	3
弭	3
忪	3
怆	3
恙	3
恚	3
惋	3
惬	3
懑	3
懿	3
扪	3
捻	3
掣	3
搪	3
摈	3
撸	3
擀	3
杈	3
柬	3
桓	3
桢	3
榈	3
槐	3
槟	3
毡	3
氽	3
沏	3
浒	3
浚	3
涎	3
涣	3
涪	3
淸	3
淼	3
渥	3
湃	3
湓	3
湮	3
濡	3
炷	3
煊	3
煜	3
犰	3
狙	3
狳	3
猿	3
玠	3
琵	3
瑏	3
璜	3
瓒	3
瓿	3
甥	3
疴	3
痊	3
痍	3
痰	3
痼	3
瘆	3
皎	3
盹	3
瞭	3
砚	3
砥	3
砭	3
祯	3
秽	3
窣	3
笆	3
笠	3
箓	3
箔	3
箫	3
篙	3
篝	3
簧	3
粑	3
纂	3
绔	3
绺	3
缄	3
缜	3
罡	3
罹	3
羧	3
聱	3
肄	3
肛	3
胍	3
胫	3
脐	3
腑	3
腩	3
膈	3
臃	3
舀	3
芮	3
茉	3
荔	3
莅	3
莺	3
菠	3
萘	3
萤	3
萱	3
蒴	3
蓑	3
虏	3
蚤	3
蝗	3
衩	3
袤	3
裆	3
褓	3
褴	3
襁	3
觐	3
讣	3
诋	3
诏	3
谏	3
谑	3
貂	3
赈	3
趄	3
趔	3
跶	3
踞	3
踱	3
蹂	3
躏	3
轱	3
轼	3
辋	3
迂	3
迩	3
遑	3
遴	3
邝	3
酚	3
酲	3
釉	3
钇	3
钵	3
铆	3
锒	3
锢	3
阈	3
阪	3
阮	3
陲	3
隼	3
雊	3
鞢	3
顗	3
颔	3
飓	3
餮	3
饵	3
驭	3
驮	3
鹉	3
鹘	3
鹦	3
麾	3
黠	3
鼾	3
龇	3
龈	3
龚	3
	3
Ｅ	3
ｂ	3
ｅ	3
ｌ	3
\	2
|	2
γ	2
π	2
う	2
ひ	2
亳	2
伫	2
佝	2
佞	2
侩	2
侬	2
俪	2
倜	2
倪	2
偈	2
偻	2
傥	2
刽	2
剌	2
剜	2
勐	2
匝	2
卽	2
吮	2
咂	2
咔	2
咝	2
哒	2
唁	2
唢	2
唳	2
唷	2
啉	2
啐	2
啕	2
啶	2
嗬	2
嘤	2
嘬	2
噙	2
噱	2
嚏	2
坍	2
埂	2
堇	2
堑	2
壬	2
夔	2
姗	2
娑	2
嫖	2
嬛	2
孚	2
孬	2
孺	2
寘	2
寰	2
尕	2
尹	2
峋	2
峨	2
峪	2
嵘	2
嶙	2
幡	2
庾	2
弑	2
彦	2
徉	2
徜	2
徨	2
忉	2
忿	2
怂	2
怛	2
悤	2
悱	2
愫	2
戗	2
戢	2
拗	2
拚	2
挛	2
挲	2
捺	2
揄	2
搛	2
撅	2
敖	2
斐	2
旮	2
旯	2
昕	2
朿	2
枨	2
柘	2
桅	2
椽	2
楣	2
楹	2
榔	2
榷	2
槃	2
樑	2
樽	2
檩	2
殁	2
殒	2
殚	2
毂	2
毗	2
毹	2
氍	2
沣	2
沤	2
沱	2
泗	2
泱	2
泾	2
洇	2
涔	2
淅	2
淖	2
淙	2
渭	2
溟	2
溧	2
滟	2
漳	2
潋	2
潞	2
潸	2
濂	2
濯	2
炯	2
烊	2
烩	2
焗	2
熘	2
熨	2
爻	2
犊	2
犟	2
狷	2
猷	2
猾	2
獗	2
玖	2
玳	2
玷	2
珺	2
琊	2
琏	2
瑁	2
瑙	2
璟	2
畚	2
疡	2
痉	2
痔	2
痞	2
痩	2
痹	2
瘀	2
瘁	2
瘙	2
癸	2
皈	2
皑	2
皓	2
皲	2
盂	2
眬	2
睾	2
瞌	2
矍	2
矶	2
矸	2
矽	2
砣	2
砳	2
碓	2
碚	2
碜	2
碴	2
磐	2
稔	2
稷	2
竽	2
笤	2
篪	2
簪	2
粕	2
粳	2
糜	2
糠	2
纶	2
绌	2
绶	2
缈	2
缛	2
缟	2
缥	2
缨	2
罝	2
羯	2
羸	2
羼	2
翊	2
耄	2
肱	2
胄	2
胭	2
脍	2
腆	2
腱	2
腼	2
膘	2
膦	2
舂	2
舢	2
舵	2
艉	2
芃	2
芋	2
荸	2
莆	2
菘	2
菟	2
萼	2
葺	2
蔗	2
蕙	2
蕨	2
藓	2
藕	2
蘼	2
虱	2
蚜	2
蚩	2
蛀	2
蛟	2
觊	2
觎	2
觞	2
謦	2
讴	2
讹	2
诒	2
诶	2
谄	2
谥	2
谲	2
谶	2
赀	2
赅	2
赧	2
跆	2
踟	2
蹙	2
蹰	2
轳	2
辁	2
遽	2
郜	2
酐	2
釜	2
銮	2
钗	2
钹	2
铄	2
铛	2
铤	2
铮	2
锃	2
锌	2
锭	2
锰	2
锱	2
镁	2
镂	2
镊	2
镌	2
镍	2
镕	2
镪	2
镰	2
镳	2
闩	2
闳	2
阒	2
雳	2
霭	2
霹	2
靳	2
颚	2
飒	2
饨	2
饽	2
馁	2
馄	2
馑	2
骜	2
骞	2
骡	2
骥	2
骧	2
骶	2
骷	2
骼	2
髅	2
鬓	2
魃	2
魆	2
鲔	2
鲫	2
鳍	2
鳝	2
鹌	2
鹑	2
鹜	2
麒	2
鼐	2
龃	2
龅	2
龉	2
	2
／	2
＜	2
＞	2
Ｉ	2
Ｑ	2
Ｔ	2
Ｗ	2
ｊ	2
á	1
í	1
ˉ	1
Σ	1
Φ	1
ε	1
ρ	1
″	1
Ⅰ	1
Ⅱ	1
≈	1
≤	1
⑤	1
⑥	1
⑧	1
⑵	1
〃	1
い	1
ふ	1
ょ	1
ヶ	1
丟	1
丱	1
丼	1
乂	1
亍	1
伉	1
伧	1
佉	1
佚	1
侔	1
俎	1
俚	1
俟	1
俣	1
俳	1
倥	1
倭	1
偬	1
傩	1
僭	1
僮	1
儆	1
儡	1
兖	1
冼	1
刎	1
剋	1
剐	1
剽	1
単	1
卞	1
卨	1
厝	1
叁	1
叵	1
吡	1
呓	1
呔	1
呶	1
呷	1
咛	1
唔	1
啓	1
啮	1
啵	1
喆	1
喑	1
喟	1
嗐	1
嗑	1
嗝	1
嗪	1
嘚	1
嘞	1
嘣	1
嘧	1
噤	1
囍	1
圜	1
圪	1
坻	1
垭	1
埕	1
堞	1
塍	1
墀	1
墁	1
墉	1
墒	1
壇	1
壎	1
夥	1
姒	1
姣	1
娈	1
媾	1
嫫	1
嬅	1
嬴	1
孀	1
孑	1
孖	1
孱	1
孳	1
宥	1
寤	1
寮	1
尻	1
屣	1
岀	1
峤	1
峦	1
島	1
崁	1
崑	1
嵇	1
嵋	1
嵒	1
嵩	1
嵴	1
巗	1
巳	1
巻	1
巽	1
帏	1
帙	1
帼	1
幄	1
庑	1
庖	1
庠	1
廿	1
弁	1
弢	1
弼	1
彗	1
彳	1
彷	1
徇	1
徕	1
徵	1
忤	1
怍	1
怙	1
恸	1
恿	1
愍	1
慄	1
懔	1
戎	1
戟	1
扱	1
抟	1
抨	1
挝	1
挞	1
捯	1
捱	1
掂	1
掬	1
掲	1
掴	1
揆	1
揋	1
揖	1
揩	1
揶	1
搔	1
搧	1
撷	1
撺	1
擘	1
擢	1
攝	1
攫	1
敝	1
斡	1
旌	1
旳	1
旻	1
昶	1
昺	1
晗	1
晩	1
晳	1
暌	1
暵	1
暹	1
曜	1
書	1
杵	1
枞	1
枥	1
枭	1
枱	1
柁	1
柚	1
柩	1
栀	1
栉	1
栎	1
桡	1
桦	1
棂	1
椿	1
楞	1
楫	1
楸	1
榉	1
榛	1
榫	1
槅	1
槡	1
橇	1
橐	1
欸	1
歼	1
殓	1
毽	1
氩	1
氰	1
汆	1
汍	1
汐	1
汴	1
泠	1
泷	1
洌	1
洹	1
浜	1
涑	1
涓	1
涫	1
淬	1
渌	1
渚	1
湍	1
湎	1
溘	1
滂	1
滆	1
滕	1
潍	1
潟	1
潢	1
澍	1
澥	1
瀛	1
炝	1
烜	1
烨	1
焐	1
焖	1
煳	1
煸	1
熹	1
燮	1
牒	1
牦	1
犄	1
狎	1
狴	1
猕	1
猬	1
獠	1
獭	1
玺	1
珈	1
珞	1
琚	1
瑗	1
瑚	1
瑛	1
瑠	1
瑦	1
瑧	1
瑨	1
瑸	1
瓔	1
瓠	1
瓴	1
畦	1
疥	1
疱	1
痤	1
痨	1
痫	1
痱	1
瘴	1
癔	1
癣	1
癯	1
皿	1
盱	1
眙	1
睎	1
睥	1
瞇	1
砀	1
砜	1
硌	1
碣	1
磔	1
磬	1
祗	1
祚	1
祺	1
禾	1
窅	1
窠	1
竺	1
笥	1
箜	1
箧	1
箴	1
箸	1
篌	1
篾	1
籼	1
粲	1
粽	1
粿	1
糌	1
糨	1
絲	1
網	1
纡	1
纭	1
纰	1
绀	1
绁	1
绻	1
缂	1
缇	1
缤	1
缧	1
缱	1
罄	1
翚	1
翟	1
翱	1
翳	1
耨	1
胥	1
脔	1
脘	1
腈	1
腘	1
膻	1
臜	1
臼	1
臾	1
舐	1
舛	1
舠	1
舴	1
艋	1
芍	1
芡	1
芴	1
苋	1
苒	1
苓	1
苜	1
茏	1
茴	1
荀	1
荏	1
荨	1
荪	1
莒	1
莓	1
莳	1
菉	1
菰	1
菽	1
萁	1
葉	1
蒽	1
蒿	1
蓼	1
蓿	1
蔺	1
蔻	1
蕊	1
蕞	1
蕲	1
薅	1
薨	1
薳	1
藐	1
藿	1
蘖	1
虬	1
虺	1
蚍	1
蚝	1
蚣	1
蚧	1
蚱	1
蚴	1
蚵	1
蛉	1
蛊	1
蜃	1
蜈	1
蜉	1
蜚	1
蝼	1
螂	1
螓	1
螟	1
蟑	1
蟒	1
蠹	1
衄	1
衢	1
衲	1
裘	1
裛	1
裨	1
褊	1
褛	1
襦	1
觍	1
觥	1
觫	1
觳	1
評	1
說	1
謇	1
讦	1
讧	1
诌	1
诨	1
诩	1
诽	1
谀	1
谍	1
谒	1
谝	1
谡	1
谪	1
谯	1
谵	1
豺	1
貅	1
貔	1
賽	1
贲	1
赇	1
赣	1
赭	1
趸	1
趺	1
趿	1
跎	1
跩	1
蹉	1
蹋	1
蹚	1
蹶	1
載	1
轫	1
轵	1
辻	1
迤	1
遒	1
遨	1
邬	1
邱	1
郓	1
酩	1
酪	1
酺	1
醍	1
醐	1
醪	1
醮	1
鋆	1
鎏	1
鏖	1
钚	1
钯	1
钴	1
铏	1
铙	1
铡	1
铧	1
铱	1
锏	1
锺	1
镋	1
镏	1
镗	1
镞	1
镣	1
镫	1
镭	1
闰	1
闵	1
阄	1
阉	1
阊	1
阍	1
阡	1
陂	1
陇	1
陸	1
隄	1
隳	1
雩	1
霎	1
靛	1
靥	1
韪	1
韬	1
頋	1
頔	1
颞	1
颦	1
風	1
飚	1
饧	1
饬	1
馍	1
馥	1
驷	1
驿	1
骁	1
骈	1
骛	1
骟	1
骹	1
髀	1
髭	1
髯	1
鬈	1
鬏	1
魇	1
鲇	1
鲑	1
鲢	1
鲮	1
鲲	1
鳅	1
鳏	1
鳗	1
鳙	1
鳜	1
鸢	1
鸩	1
鸱	1
鸵	1
鸷	1
鸹	1
鸾	1
鹗	1
麐	1
麿	1
黉	1
黜	1
黩	1
黹	1
鼬	1
齑	1
龛	1
龢	1
Ａ	1
Ｈ	1
Ｋ	1
Ｌ	1
Ｍ	1
Ｘ	1
Ｚ	1
ｆ	1
ｈ	1
｜	1
